tag,url,is_banned,count
belko,https://danbooru.donmai.us/posts?tags=belko&z=5,yes,2112
tk8d32,https://danbooru.donmai.us/posts?tags=tk8d32&z=5,yes,1411
negom,https://danbooru.donmai.us/posts?tags=negom&z=5,yes,1335
mo_(kireinamo),https://danbooru.donmai.us/posts?tags=mo_%28kireinamo%29&z=5,yes,1055
sakimichan,https://danbooru.donmai.us/posts?tags=sakimichan&z=5,yes,1018
konnyaku_(kk-monmon),https://danbooru.donmai.us/posts?tags=konnyaku_%28kk-monmon%29&z=5,yes,992
chaesu,https://danbooru.donmai.us/posts?tags=chaesu&z=5,yes,892
n.g.,https://danbooru.donmai.us/posts?tags=n.g.&z=5,yes,881
kanabun,https://danbooru.donmai.us/posts?tags=kanabun&z=5,yes,852
tako-chan_(hub_dump),https://danbooru.donmai.us/posts?tags=tako-chan_%28hub_dump%29&z=5,yes,851
ett,https://danbooru.donmai.us/posts?tags=ett&z=5,yes,838
jellytits-7,https://danbooru.donmai.us/posts?tags=jellytits-7&z=5,yes,824
mei_(maysroom),https://danbooru.donmai.us/posts?tags=mei_%28maysroom%29&z=5,yes,734
yuimisu,https://danbooru.donmai.us/posts?tags=yuimisu&z=5,yes,731
harano,https://danbooru.donmai.us/posts?tags=harano&z=5,yes,692
gomtang,https://danbooru.donmai.us/posts?tags=gomtang&z=5,yes,678
icomochi,https://danbooru.donmai.us/posts?tags=icomochi&z=5,yes,661
minust,https://danbooru.donmai.us/posts?tags=minust&z=5,yes,619
namie-kun,https://danbooru.donmai.us/posts?tags=namie-kun&z=5,yes,607
shikitani_asuka,https://danbooru.donmai.us/posts?tags=shikitani_asuka&z=5,yes,605
rosuuri,https://danbooru.donmai.us/posts?tags=rosuuri&z=5,yes,581
iwamoto_eiri,https://danbooru.donmai.us/posts?tags=iwamoto_eiri&z=5,yes,555
dorontabi,https://danbooru.donmai.us/posts?tags=dorontabi&z=5,yes,541
manino_(mofuritaionaka),https://danbooru.donmai.us/posts?tags=manino_%28mofuritaionaka%29&z=5,yes,530
akagi_(fmttps),https://danbooru.donmai.us/posts?tags=akagi_%28fmttps%29&z=5,yes,518
megadeko,https://danbooru.donmai.us/posts?tags=megadeko&z=5,yes,517
dantewontdie,https://danbooru.donmai.us/posts?tags=dantewontdie&z=5,yes,513
jagaimo_(kkamja),https://danbooru.donmai.us/posts?tags=jagaimo_%28kkamja%29&z=5,yes,504
ikemeru19,https://danbooru.donmai.us/posts?tags=ikemeru19&z=5,yes,500
zakusi,https://danbooru.donmai.us/posts?tags=zakusi&z=5,yes,488
muryotaro,https://danbooru.donmai.us/posts?tags=muryotaro&z=5,yes,488
asada_hachi,https://danbooru.donmai.us/posts?tags=asada_hachi&z=5,yes,478
kishiyo,https://danbooru.donmai.us/posts?tags=kishiyo&z=5,yes,477
makio_(makiomeigenbot),https://danbooru.donmai.us/posts?tags=makio_%28makiomeigenbot%29&z=5,yes,469
naufaldreamer,https://danbooru.donmai.us/posts?tags=naufaldreamer&z=5,yes,447
pandea_work,https://danbooru.donmai.us/posts?tags=pandea_work&z=5,yes,445
arutera,https://danbooru.donmai.us/posts?tags=arutera&z=5,yes,440
midori_foo,https://danbooru.donmai.us/posts?tags=midori_foo&z=5,yes,420
junkpuyo,https://danbooru.donmai.us/posts?tags=junkpuyo&z=5,yes,418
nian_(zhanian),https://danbooru.donmai.us/posts?tags=nian_%28zhanian%29&z=5,yes,413
criin,https://danbooru.donmai.us/posts?tags=criin&z=5,yes,406
aono_shimo,https://danbooru.donmai.us/posts?tags=aono_shimo&z=5,yes,398
inunoko.,https://danbooru.donmai.us/posts?tags=inunoko.&z=5,yes,396
tachikoma_(mousou_teikoku),https://danbooru.donmai.us/posts?tags=tachikoma_%28mousou_teikoku%29&z=5,yes,396
naidong_(artist),https://danbooru.donmai.us/posts?tags=naidong_%28artist%29&z=5,yes,394
kokuchuutei,https://danbooru.donmai.us/posts?tags=kokuchuutei&z=5,yes,393
aslindsamure,https://danbooru.donmai.us/posts?tags=aslindsamure&z=5,yes,392
an_yasuri,https://danbooru.donmai.us/posts?tags=an_yasuri&z=5,yes,386
zumi_(zumidraws),https://danbooru.donmai.us/posts?tags=zumi_%28zumidraws%29&z=5,yes,385
tuteurfars_shin,https://danbooru.donmai.us/posts?tags=tuteurfars_shin&z=5,yes,361
moyu_marginal,https://danbooru.donmai.us/posts?tags=moyu_marginal&z=5,yes,358
outo_eguchi,https://danbooru.donmai.us/posts?tags=outo_eguchi&z=5,yes,355
kisaragi_zwei,https://danbooru.donmai.us/posts?tags=kisaragi_zwei&z=5,yes,347
hajin,https://danbooru.donmai.us/posts?tags=hajin&z=5,yes,343
kozou_(soumuden),https://danbooru.donmai.us/posts?tags=kozou_%28soumuden%29&z=5,yes,341
shin'en_(gyokuro_company),https://danbooru.donmai.us/posts?tags=shin%27en_%28gyokuro_company%29&z=5,yes,334
rosette_(roze-ko),https://danbooru.donmai.us/posts?tags=rosette_%28roze-ko%29&z=5,yes,334
tomagiri,https://danbooru.donmai.us/posts?tags=tomagiri&z=5,yes,333
uyama_hajime,https://danbooru.donmai.us/posts?tags=uyama_hajime&z=5,yes,328
akni,https://danbooru.donmai.us/posts?tags=akni&z=5,yes,322
jairou,https://danbooru.donmai.us/posts?tags=jairou&z=5,yes,322
kamiyama_aya,https://danbooru.donmai.us/posts?tags=kamiyama_aya&z=5,yes,320
kataku_musou,https://danbooru.donmai.us/posts?tags=kataku_musou&z=5,yes,312
expulse,https://danbooru.donmai.us/posts?tags=expulse&z=5,yes,308
konomi_(kino_konomi),https://danbooru.donmai.us/posts?tags=konomi_%28kino_konomi%29&z=5,yes,304
maya_g,https://danbooru.donmai.us/posts?tags=maya_g&z=5,yes,298
axsen,https://danbooru.donmai.us/posts?tags=axsen&z=5,yes,292
nin_(nin_0088),https://danbooru.donmai.us/posts?tags=nin_%28nin_0088%29&z=5,yes,291
xretakex,https://danbooru.donmai.us/posts?tags=xretakex&z=5,yes,288
kyoeiki,https://danbooru.donmai.us/posts?tags=kyoeiki&z=5,yes,286
tetsubuta,https://danbooru.donmai.us/posts?tags=tetsubuta&z=5,yes,282
shimizu_akina,https://danbooru.donmai.us/posts?tags=shimizu_akina&z=5,yes,277
evan_yang,https://danbooru.donmai.us/posts?tags=evan_yang&z=5,yes,262
tsukiriran,https://danbooru.donmai.us/posts?tags=tsukiriran&z=5,yes,261
syagamu,https://danbooru.donmai.us/posts?tags=syagamu&z=5,yes,259
jean.organ,https://danbooru.donmai.us/posts?tags=jean.organ&z=5,yes,255
huziko32,https://danbooru.donmai.us/posts?tags=huziko32&z=5,yes,255
sian,https://danbooru.donmai.us/posts?tags=sian&z=5,yes,246
gtunver,https://danbooru.donmai.us/posts?tags=gtunver&z=5,yes,245
barry_nah,https://danbooru.donmai.us/posts?tags=barry_nah&z=5,yes,244
dizi930,https://danbooru.donmai.us/posts?tags=dizi930&z=5,yes,244
aiko_(kanl),https://danbooru.donmai.us/posts?tags=aiko_%28kanl%29&z=5,yes,243
zeronis,https://danbooru.donmai.us/posts?tags=zeronis&z=5,yes,242
monaim,https://danbooru.donmai.us/posts?tags=monaim&z=5,yes,239
fay_(fay_axl),https://danbooru.donmai.us/posts?tags=fay_%28fay_axl%29&z=5,yes,238
linda,https://danbooru.donmai.us/posts?tags=linda&z=5,yes,236
idfer,https://danbooru.donmai.us/posts?tags=idfer&z=5,yes,235
dango_(uni_520),https://danbooru.donmai.us/posts?tags=dango_%28uni_520%29&z=5,yes,232
ottosfoxhole,https://danbooru.donmai.us/posts?tags=ottosfoxhole&z=5,yes,231
miyuki_(miyuki0529),https://danbooru.donmai.us/posts?tags=miyuki_%28miyuki0529%29&z=5,yes,230
terebi_(shimizu1996),https://danbooru.donmai.us/posts?tags=terebi_%28shimizu1996%29&z=5,yes,228
shiki_(shiki1230),https://danbooru.donmai.us/posts?tags=shiki_%28shiki1230%29&z=5,yes,227
mikoto_(oi_plus),https://danbooru.donmai.us/posts?tags=mikoto_%28oi_plus%29&z=5,yes,225
star741,https://danbooru.donmai.us/posts?tags=star741&z=5,yes,219
takoneru,https://danbooru.donmai.us/posts?tags=takoneru&z=5,yes,217
mayo_(miyusa),https://danbooru.donmai.us/posts?tags=mayo_%28miyusa%29&z=5,yes,216
sarena,https://danbooru.donmai.us/posts?tags=sarena&z=5,yes,215
moose_(moosemitchell2),https://danbooru.donmai.us/posts?tags=moose_%28moosemitchell2%29&z=5,yes,215
pompmaker1,https://danbooru.donmai.us/posts?tags=pompmaker1&z=5,yes,214
taiga_(ryukyu-6102-8),https://danbooru.donmai.us/posts?tags=taiga_%28ryukyu-6102-8%29&z=5,yes,213
kissai,https://danbooru.donmai.us/posts?tags=kissai&z=5,yes,212
rurudo,https://danbooru.donmai.us/posts?tags=rurudo&z=5,yes,209
yusano,https://danbooru.donmai.us/posts?tags=yusano&z=5,yes,209
naru_(andante),https://danbooru.donmai.us/posts?tags=naru_%28andante%29&z=5,yes,208
sushikuugo_(suisen),https://danbooru.donmai.us/posts?tags=sushikuugo_%28suisen%29&z=5,yes,207
tamanegiinyo,https://danbooru.donmai.us/posts?tags=tamanegiinyo&z=5,yes,201
psyche3313,https://danbooru.donmai.us/posts?tags=psyche3313&z=5,yes,201
matayoshi,https://danbooru.donmai.us/posts?tags=matayoshi&z=5,yes,200
chikage_(kinokodou),https://danbooru.donmai.us/posts?tags=chikage_%28kinokodou%29&z=5,yes,200
na_insoo,https://danbooru.donmai.us/posts?tags=na_insoo&z=5,yes,199
sauvignon,https://danbooru.donmai.us/posts?tags=sauvignon&z=5,yes,198
tasora,https://danbooru.donmai.us/posts?tags=tasora&z=5,yes,197
cinkai,https://danbooru.donmai.us/posts?tags=cinkai&z=5,yes,194
yopan_danshaku,https://danbooru.donmai.us/posts?tags=yopan_danshaku&z=5,yes,192
synchroaki,https://danbooru.donmai.us/posts?tags=synchroaki&z=5,yes,191
alpha_(alpha91),https://danbooru.donmai.us/posts?tags=alpha_%28alpha91%29&z=5,yes,190
fruitsrabbit,https://danbooru.donmai.us/posts?tags=fruitsrabbit&z=5,yes,188
kohanayuki,https://danbooru.donmai.us/posts?tags=kohanayuki&z=5,yes,188
shikano_sumiaki,https://danbooru.donmai.us/posts?tags=shikano_sumiaki&z=5,yes,186
philomelalilium,https://danbooru.donmai.us/posts?tags=philomelalilium&z=5,yes,185
empew,https://danbooru.donmai.us/posts?tags=empew&z=5,yes,184
sabet_(young_ouo),https://danbooru.donmai.us/posts?tags=sabet_%28young_ouo%29&z=5,yes,181
koisuke,https://danbooru.donmai.us/posts?tags=koisuke&z=5,yes,179
misuguu,https://danbooru.donmai.us/posts?tags=misuguu&z=5,yes,177
march_ab,https://danbooru.donmai.us/posts?tags=march_ab&z=5,yes,177
muninshiki,https://danbooru.donmai.us/posts?tags=muninshiki&z=5,yes,176
azu_torako,https://danbooru.donmai.us/posts?tags=azu_torako&z=5,yes,175
yogisya,https://danbooru.donmai.us/posts?tags=yogisya&z=5,yes,172
mana_kakkowarai,https://danbooru.donmai.us/posts?tags=mana_kakkowarai&z=5,yes,171
raburebo,https://danbooru.donmai.us/posts?tags=raburebo&z=5,yes,170
suihi,https://danbooru.donmai.us/posts?tags=suihi&z=5,yes,167
heiwa_(murasiho),https://danbooru.donmai.us/posts?tags=heiwa_%28murasiho%29&z=5,yes,164
shiao,https://danbooru.donmai.us/posts?tags=shiao&z=5,yes,164
moritan,https://danbooru.donmai.us/posts?tags=moritan&z=5,yes,164
ame_usako,https://danbooru.donmai.us/posts?tags=ame_usako&z=5,yes,163
bolbbangbbang,https://danbooru.donmai.us/posts?tags=bolbbangbbang&z=5,yes,163
d._(ddot2018),https://danbooru.donmai.us/posts?tags=d._%28ddot2018%29&z=5,yes,161
minagiku,https://danbooru.donmai.us/posts?tags=minagiku&z=5,yes,160
arisaka_yoshino,https://danbooru.donmai.us/posts?tags=arisaka_yoshino&z=5,yes,159
karasu_raven,https://danbooru.donmai.us/posts?tags=karasu_raven&z=5,yes,159
gin_fragrans,https://danbooru.donmai.us/posts?tags=gin_fragrans&z=5,yes,159
fanshu,https://danbooru.donmai.us/posts?tags=fanshu&z=5,yes,157
hoshina_meito,https://danbooru.donmai.us/posts?tags=hoshina_meito&z=5,yes,156
sansan_(dongfangzhong111),https://danbooru.donmai.us/posts?tags=sansan_%28dongfangzhong111%29&z=5,yes,153
poko_(mammypoko),https://danbooru.donmai.us/posts?tags=poko_%28mammypoko%29&z=5,yes,153
hotaryuso,https://danbooru.donmai.us/posts?tags=hotaryuso&z=5,yes,148
nacht_(nacht_01),https://danbooru.donmai.us/posts?tags=nacht_%28nacht_01%29&z=5,yes,146
kumaori_jun,https://danbooru.donmai.us/posts?tags=kumaori_jun&z=5,yes,144
jiao_mao,https://danbooru.donmai.us/posts?tags=jiao_mao&z=5,yes,143
ajiriko,https://danbooru.donmai.us/posts?tags=ajiriko&z=5,yes,143
yatsuhashi_kakera,https://danbooru.donmai.us/posts?tags=yatsuhashi_kakera&z=5,yes,142
urim_(paintur),https://danbooru.donmai.us/posts?tags=urim_%28paintur%29&z=5,yes,141
kurkoboltsi,https://danbooru.donmai.us/posts?tags=kurkoboltsi&z=5,yes,140
suru_(ksoo420),https://danbooru.donmai.us/posts?tags=suru_%28ksoo420%29&z=5,yes,139
zerokosan,https://danbooru.donmai.us/posts?tags=zerokosan&z=5,yes,137
esaka,https://danbooru.donmai.us/posts?tags=esaka&z=5,yes,135
otsuki_(tm3n),https://danbooru.donmai.us/posts?tags=otsuki_%28tm3n%29&z=5,yes,135
tribute_(tributism),https://danbooru.donmai.us/posts?tags=tribute_%28tributism%29&z=5,yes,134
necomilk,https://danbooru.donmai.us/posts?tags=necomilk&z=5,yes,134
kawasumi_(japonica),https://danbooru.donmai.us/posts?tags=kawasumi_%28japonica%29&z=5,yes,132
suteinua,https://danbooru.donmai.us/posts?tags=suteinua&z=5,yes,132
liita_(dusk_snow),https://danbooru.donmai.us/posts?tags=liita_%28dusk_snow%29&z=5,yes,130
awei_(aweirua),https://danbooru.donmai.us/posts?tags=awei_%28aweirua%29&z=5,yes,129
shadowgrave,https://danbooru.donmai.us/posts?tags=shadowgrave&z=5,yes,129
sawarineko,https://danbooru.donmai.us/posts?tags=sawarineko&z=5,yes,129
e_(you33ou),https://danbooru.donmai.us/posts?tags=e_%28you33ou%29&z=5,yes,128
kuromitsu_(9633_kmfr),https://danbooru.donmai.us/posts?tags=kuromitsu_%289633_kmfr%29&z=5,yes,127
masuda_(yousaytwosin),https://danbooru.donmai.us/posts?tags=masuda_%28yousaytwosin%29&z=5,yes,127
towako_(10wk0),https://danbooru.donmai.us/posts?tags=towako_%2810wk0%29&z=5,yes,124
sigmart03,https://danbooru.donmai.us/posts?tags=sigmart03&z=5,yes,124
mikami_(mkm0v0),https://danbooru.donmai.us/posts?tags=mikami_%28mkm0v0%29&z=5,yes,123
ameno_shigure,https://danbooru.donmai.us/posts?tags=ameno_shigure&z=5,yes,123
okoge_senbei,https://danbooru.donmai.us/posts?tags=okoge_senbei&z=5,yes,121
teru_(teru3sei),https://danbooru.donmai.us/posts?tags=teru_%28teru3sei%29&z=5,yes,120
2sham,https://danbooru.donmai.us/posts?tags=2sham&z=5,yes,120
tsuti,https://danbooru.donmai.us/posts?tags=tsuti&z=5,yes,119
shangzi,https://danbooru.donmai.us/posts?tags=shangzi&z=5,yes,119
jura,https://danbooru.donmai.us/posts?tags=jura&z=5,yes,119
okiautumn,https://danbooru.donmai.us/posts?tags=okiautumn&z=5,yes,117
lim_jaejin,https://danbooru.donmai.us/posts?tags=lim_jaejin&z=5,yes,116
miji_black,https://danbooru.donmai.us/posts?tags=miji_black&z=5,yes,116
maemi_(maemi12),https://danbooru.donmai.us/posts?tags=maemi_%28maemi12%29&z=5,yes,116
honami_(yths4221),https://danbooru.donmai.us/posts?tags=honami_%28yths4221%29&z=5,yes,115
yuhata_(yuh4t4),https://danbooru.donmai.us/posts?tags=yuhata_%28yuh4t4%29&z=5,yes,115
mountain_pukuichi,https://danbooru.donmai.us/posts?tags=mountain_pukuichi&z=5,yes,114
london_inu,https://danbooru.donmai.us/posts?tags=london_inu&z=5,yes,114
ria_(rilpoppo),https://danbooru.donmai.us/posts?tags=ria_%28rilpoppo%29&z=5,yes,114
takahara,https://danbooru.donmai.us/posts?tags=takahara&z=5,yes,114
w_zhengz,https://danbooru.donmai.us/posts?tags=w_zhengz&z=5,yes,113
reum,https://danbooru.donmai.us/posts?tags=reum&z=5,yes,111
masgamjya,https://danbooru.donmai.us/posts?tags=masgamjya&z=5,yes,111
tazuma_(u283),https://danbooru.donmai.us/posts?tags=tazuma_%28u283%29&z=5,yes,111
kotonoman,https://danbooru.donmai.us/posts?tags=kotonoman&z=5,yes,110
asla_yu,https://danbooru.donmai.us/posts?tags=asla_yu&z=5,yes,110
qlakwnd,https://danbooru.donmai.us/posts?tags=qlakwnd&z=5,yes,109
selenoring,https://danbooru.donmai.us/posts?tags=selenoring&z=5,yes,109
souike,https://danbooru.donmai.us/posts?tags=souike&z=5,yes,109
oxygen_(0220),https://danbooru.donmai.us/posts?tags=oxygen_%280220%29&z=5,yes,109
kentllaall,https://danbooru.donmai.us/posts?tags=kentllaall&z=5,yes,104
asama_(drift_in),https://danbooru.donmai.us/posts?tags=asama_%28drift_in%29&z=5,yes,104
sake_dong,https://danbooru.donmai.us/posts?tags=sake_dong&z=5,yes,102
lirseven,https://danbooru.donmai.us/posts?tags=lirseven&z=5,yes,101
torinomaruyaki,https://danbooru.donmai.us/posts?tags=torinomaruyaki&z=5,yes,101
riko_(sorube),https://danbooru.donmai.us/posts?tags=riko_%28sorube%29&z=5,yes,101
sty_(stylishtrash),https://danbooru.donmai.us/posts?tags=sty_%28stylishtrash%29&z=5,yes,100
shigurefusawa,https://danbooru.donmai.us/posts?tags=shigurefusawa&z=5,yes,100
nigiriushi,https://danbooru.donmai.us/posts?tags=nigiriushi&z=5,yes,100
fugi_jis,https://danbooru.donmai.us/posts?tags=fugi_jis&z=5,yes,99
syu45,https://danbooru.donmai.us/posts?tags=syu45&z=5,yes,99
pre_(preecho),https://danbooru.donmai.us/posts?tags=pre_%28preecho%29&z=5,yes,98
nicholas_f,https://danbooru.donmai.us/posts?tags=nicholas_f&z=5,yes,97
kyara36,https://danbooru.donmai.us/posts?tags=kyara36&z=5,yes,97
okahi,https://danbooru.donmai.us/posts?tags=okahi&z=5,yes,96
homutan_(syjg2733),https://danbooru.donmai.us/posts?tags=homutan_%28syjg2733%29&z=5,yes,96
woborou,https://danbooru.donmai.us/posts?tags=woborou&z=5,yes,96
shima_(landsuzume),https://danbooru.donmai.us/posts?tags=shima_%28landsuzume%29&z=5,yes,95
leo_(ghouleo),https://danbooru.donmai.us/posts?tags=leo_%28ghouleo%29&z=5,yes,94
seafh,https://danbooru.donmai.us/posts?tags=seafh&z=5,yes,94
daylight919,https://danbooru.donmai.us/posts?tags=daylight919&z=5,yes,93
mayer,https://danbooru.donmai.us/posts?tags=mayer&z=5,yes,92
pomu_(pomu_me),https://danbooru.donmai.us/posts?tags=pomu_%28pomu_me%29&z=5,yes,92
rennerei,https://danbooru.donmai.us/posts?tags=rennerei&z=5,yes,90
everydaysleep,https://danbooru.donmai.us/posts?tags=everydaysleep&z=5,yes,90
nabekokoa,https://danbooru.donmai.us/posts?tags=nabekokoa&z=5,yes,89
sayori_(oskn),https://danbooru.donmai.us/posts?tags=sayori_%28oskn%29&z=5,yes,88
zairen,https://danbooru.donmai.us/posts?tags=zairen&z=5,yes,87
maru_(sasayama_chikage),https://danbooru.donmai.us/posts?tags=maru_%28sasayama_chikage%29&z=5,yes,87
nishina_hima,https://danbooru.donmai.us/posts?tags=nishina_hima&z=5,yes,87
tonomayo,https://danbooru.donmai.us/posts?tags=tonomayo&z=5,yes,86
akaitera,https://danbooru.donmai.us/posts?tags=akaitera&z=5,yes,86
poo_(donkan_gokko),https://danbooru.donmai.us/posts?tags=poo_%28donkan_gokko%29&z=5,yes,85
mikomu,https://danbooru.donmai.us/posts?tags=mikomu&z=5,yes,85
yuzuha_(yuzuya),https://danbooru.donmai.us/posts?tags=yuzuha_%28yuzuya%29&z=5,yes,85
bugita,https://danbooru.donmai.us/posts?tags=bugita&z=5,yes,84
orii_(orii_i),https://danbooru.donmai.us/posts?tags=orii_%28orii_i%29&z=5,yes,83
yuguraniru,https://danbooru.donmai.us/posts?tags=yuguraniru&z=5,yes,83
littleshrimp,https://danbooru.donmai.us/posts?tags=littleshrimp&z=5,yes,83
inoue_tomii,https://danbooru.donmai.us/posts?tags=inoue_tomii&z=5,yes,81
tsukumi_(tkmillust),https://danbooru.donmai.us/posts?tags=tsukumi_%28tkmillust%29&z=5,yes,81
runamatu,https://danbooru.donmai.us/posts?tags=runamatu&z=5,yes,81
zaraku,https://danbooru.donmai.us/posts?tags=zaraku&z=5,yes,81
genkai_zero,https://danbooru.donmai.us/posts?tags=genkai_zero&z=5,yes,79
reef_(sanomsai_products),https://danbooru.donmai.us/posts?tags=reef_%28sanomsai_products%29&z=5,yes,79
asuka_(louyun),https://danbooru.donmai.us/posts?tags=asuka_%28louyun%29&z=5,yes,78
glutton_(18152740927lx),https://danbooru.donmai.us/posts?tags=glutton_%2818152740927lx%29&z=5,yes,76
zhao_190,https://danbooru.donmai.us/posts?tags=zhao_190&z=5,yes,76
mrt_mr,https://danbooru.donmai.us/posts?tags=mrt_mr&z=5,yes,75
yoshii,https://danbooru.donmai.us/posts?tags=yoshii&z=5,yes,75
amo_(amo9612),https://danbooru.donmai.us/posts?tags=amo_%28amo9612%29&z=5,yes,74
gonzaburou,https://danbooru.donmai.us/posts?tags=gonzaburou&z=5,yes,74
kurokiri6630,https://danbooru.donmai.us/posts?tags=kurokiri6630&z=5,yes,74
bluedemon13,https://danbooru.donmai.us/posts?tags=bluedemon13&z=5,yes,74
ryanpei,https://danbooru.donmai.us/posts?tags=ryanpei&z=5,yes,73
ekusiregaia,https://danbooru.donmai.us/posts?tags=ekusiregaia&z=5,yes,73
shuno_(xiaonuo),https://danbooru.donmai.us/posts?tags=shuno_%28xiaonuo%29&z=5,yes,72
ran_komomo,https://danbooru.donmai.us/posts?tags=ran_komomo&z=5,yes,72
apring,https://danbooru.donmai.us/posts?tags=apring&z=5,yes,72
hibari_hina,https://danbooru.donmai.us/posts?tags=hibari_hina&z=5,yes,71
seato-hao,https://danbooru.donmai.us/posts?tags=seato-hao&z=5,yes,71
qi_hui,https://danbooru.donmai.us/posts?tags=qi_hui&z=5,yes,71
sevenotsu,https://danbooru.donmai.us/posts?tags=sevenotsu&z=5,yes,71
9degree,https://danbooru.donmai.us/posts?tags=9degree&z=5,yes,70
sarah_sauge,https://danbooru.donmai.us/posts?tags=sarah_sauge&z=5,yes,70
ryman,https://danbooru.donmai.us/posts?tags=ryman&z=5,yes,70
goushou,https://danbooru.donmai.us/posts?tags=goushou&z=5,yes,70
sizuru_(garasuame0206),https://danbooru.donmai.us/posts?tags=sizuru_%28garasuame0206%29&z=5,yes,69
mio-muo1206,https://danbooru.donmai.us/posts?tags=mio-muo1206&z=5,yes,69
okia,https://danbooru.donmai.us/posts?tags=okia&z=5,yes,69
oohirakeisuke,https://danbooru.donmai.us/posts?tags=oohirakeisuke&z=5,yes,68
kanechi,https://danbooru.donmai.us/posts?tags=kanechi&z=5,yes,68
72_(nananatsu),https://danbooru.donmai.us/posts?tags=72_%28nananatsu%29&z=5,yes,68
yu_(xcapriccioso),https://danbooru.donmai.us/posts?tags=yu_%28xcapriccioso%29&z=5,yes,67
ayamiya_fumi,https://danbooru.donmai.us/posts?tags=ayamiya_fumi&z=5,yes,67
uni_(ieatpockey),https://danbooru.donmai.us/posts?tags=uni_%28ieatpockey%29&z=5,yes,67
shiraazuma,https://danbooru.donmai.us/posts?tags=shiraazuma&z=5,yes,67
you_hashira,https://danbooru.donmai.us/posts?tags=you_hashira&z=5,yes,67
urakata_(uracata),https://danbooru.donmai.us/posts?tags=urakata_%28uracata%29&z=5,yes,67
cyaca_ab,https://danbooru.donmai.us/posts?tags=cyaca_ab&z=5,yes,66
tfqr,https://danbooru.donmai.us/posts?tags=tfqr&z=5,yes,65
chuu0105,https://danbooru.donmai.us/posts?tags=chuu0105&z=5,yes,65
mochiko_(mochi373pk),https://danbooru.donmai.us/posts?tags=mochiko_%28mochi373pk%29&z=5,yes,65
bloodcandy,https://danbooru.donmai.us/posts?tags=bloodcandy&z=5,yes,64
dai_nikucho,https://danbooru.donmai.us/posts?tags=dai_nikucho&z=5,yes,64
nerua,https://danbooru.donmai.us/posts?tags=nerua&z=5,yes,63
notchi,https://danbooru.donmai.us/posts?tags=notchi&z=5,yes,63
donaldakron,https://danbooru.donmai.us/posts?tags=donaldakron&z=5,yes,63
cutepet,https://danbooru.donmai.us/posts?tags=cutepet&z=5,yes,63
kazato_fuuchi,https://danbooru.donmai.us/posts?tags=kazato_fuuchi&z=5,yes,63
tanu,https://danbooru.donmai.us/posts?tags=tanu&z=5,yes,63
sinsora,https://danbooru.donmai.us/posts?tags=sinsora&z=5,yes,62
niku_(dance-siva),https://danbooru.donmai.us/posts?tags=niku_%28dance-siva%29&z=5,yes,62
namikishiho,https://danbooru.donmai.us/posts?tags=namikishiho&z=5,yes,62
mifu_(b24vc1),https://danbooru.donmai.us/posts?tags=mifu_%28b24vc1%29&z=5,yes,62
aokiku,https://danbooru.donmai.us/posts?tags=aokiku&z=5,yes,62
hellyon_white,https://danbooru.donmai.us/posts?tags=hellyon_white&z=5,yes,62
yaya_(yayaa_00),https://danbooru.donmai.us/posts?tags=yaya_%28yayaa_00%29&z=5,yes,62
lechuza,https://danbooru.donmai.us/posts?tags=lechuza&z=5,yes,62
1s44c,https://danbooru.donmai.us/posts?tags=1s44c&z=5,yes,62
kawaguchi_yukihiro,https://danbooru.donmai.us/posts?tags=kawaguchi_yukihiro&z=5,yes,61
shuang_ye,https://danbooru.donmai.us/posts?tags=shuang_ye&z=5,yes,60
studioqube,https://danbooru.donmai.us/posts?tags=studioqube&z=5,yes,60
samayoi,https://danbooru.donmai.us/posts?tags=samayoi&z=5,yes,60
djayo,https://danbooru.donmai.us/posts?tags=djayo&z=5,yes,59
sisio_kun,https://danbooru.donmai.us/posts?tags=sisio_kun&z=5,yes,59
jess_(jelee),https://danbooru.donmai.us/posts?tags=jess_%28jelee%29&z=5,yes,59
umi_meteo,https://danbooru.donmai.us/posts?tags=umi_meteo&z=5,yes,59
pul_(gks569),https://danbooru.donmai.us/posts?tags=pul_%28gks569%29&z=5,yes,59
nunuko_(mu661129),https://danbooru.donmai.us/posts?tags=nunuko_%28mu661129%29&z=5,yes,59
tsushima_(kaikyo),https://danbooru.donmai.us/posts?tags=tsushima_%28kaikyo%29&z=5,yes,59
hanaarts,https://danbooru.donmai.us/posts?tags=hanaarts&z=5,yes,58
starbottle,https://danbooru.donmai.us/posts?tags=starbottle&z=5,yes,58
saki_tsurugi,https://danbooru.donmai.us/posts?tags=saki_tsurugi&z=5,yes,58
miyoshi_yun,https://danbooru.donmai.us/posts?tags=miyoshi_yun&z=5,yes,57
bobaparfait,https://danbooru.donmai.us/posts?tags=bobaparfait&z=5,yes,57
cyberunique,https://danbooru.donmai.us/posts?tags=cyberunique&z=5,yes,57
happi_xfyg,https://danbooru.donmai.us/posts?tags=happi_xfyg&z=5,yes,56
shepple,https://danbooru.donmai.us/posts?tags=shepple&z=5,yes,56
keshigomu,https://danbooru.donmai.us/posts?tags=keshigomu&z=5,yes,56
hino_mamori,https://danbooru.donmai.us/posts?tags=hino_mamori&z=5,yes,56
h22t,https://danbooru.donmai.us/posts?tags=h22t&z=5,yes,56
yukibi_(ykb),https://danbooru.donmai.us/posts?tags=yukibi_%28ykb%29&z=5,yes,55
mongarit,https://danbooru.donmai.us/posts?tags=mongarit&z=5,yes,55
yue_yue1102,https://danbooru.donmai.us/posts?tags=yue_yue1102&z=5,yes,55
yue_xiao_e,https://danbooru.donmai.us/posts?tags=yue_xiao_e&z=5,yes,55
akagawa007,https://danbooru.donmai.us/posts?tags=akagawa007&z=5,yes,54
corgi_(corgi0322),https://danbooru.donmai.us/posts?tags=corgi_%28corgi0322%29&z=5,yes,53
kokutou_mimi,https://danbooru.donmai.us/posts?tags=kokutou_mimi&z=5,yes,53
dani_grew,https://danbooru.donmai.us/posts?tags=dani_grew&z=5,yes,52
efxc,https://danbooru.donmai.us/posts?tags=efxc&z=5,yes,52
tepengu,https://danbooru.donmai.us/posts?tags=tepengu&z=5,yes,52
toymark,https://danbooru.donmai.us/posts?tags=toymark&z=5,yes,52
alov,https://danbooru.donmai.us/posts?tags=alov&z=5,yes,52
ggpercent,https://danbooru.donmai.us/posts?tags=ggpercent&z=5,yes,51
9ma_param,https://danbooru.donmai.us/posts?tags=9ma_param&z=5,yes,50
tsunosame,https://danbooru.donmai.us/posts?tags=tsunosame&z=5,yes,50
melting_scarlet,https://danbooru.donmai.us/posts?tags=melting_scarlet&z=5,yes,50
dogdogbhh,https://danbooru.donmai.us/posts?tags=dogdogbhh&z=5,yes,50
yihsien,https://danbooru.donmai.us/posts?tags=yihsien&z=5,yes,50
drawingddoom,https://danbooru.donmai.us/posts?tags=drawingddoom&z=5,yes,50
kamiomutsu,https://danbooru.donmai.us/posts?tags=kamiomutsu&z=5,yes,50
robin_(unlimited_world),https://danbooru.donmai.us/posts?tags=robin_%28unlimited_world%29&z=5,yes,49
chaou,https://danbooru.donmai.us/posts?tags=chaou&z=5,yes,49
shugami,https://danbooru.donmai.us/posts?tags=shugami&z=5,yes,48
aizawa_(teaminazuma),https://danbooru.donmai.us/posts?tags=aizawa_%28teaminazuma%29&z=5,yes,48
tsunano_(koi_pink),https://danbooru.donmai.us/posts?tags=tsunano_%28koi_pink%29&z=5,yes,48
sanwu_(sanwu35),https://danbooru.donmai.us/posts?tags=sanwu_%28sanwu35%29&z=5,yes,48
shiratama_(xsrtmx),https://danbooru.donmai.us/posts?tags=shiratama_%28xsrtmx%29&z=5,yes,47
kokum0tsu,https://danbooru.donmai.us/posts?tags=kokum0tsu&z=5,yes,47
a-tsuki,https://danbooru.donmai.us/posts?tags=a-tsuki&z=5,yes,47
yuge_mugito,https://danbooru.donmai.us/posts?tags=yuge_mugito&z=5,yes,47
sana_hamada,https://danbooru.donmai.us/posts?tags=sana_hamada&z=5,yes,46
tetsumi,https://danbooru.donmai.us/posts?tags=tetsumi&z=5,yes,46
nenna,https://danbooru.donmai.us/posts?tags=nenna&z=5,yes,46
himeshima_koukichi,https://danbooru.donmai.us/posts?tags=himeshima_koukichi&z=5,yes,46
sakanobo_(sushi1021),https://danbooru.donmai.us/posts?tags=sakanobo_%28sushi1021%29&z=5,yes,46
binishu,https://danbooru.donmai.us/posts?tags=binishu&z=5,yes,46
ddaomphyo,https://danbooru.donmai.us/posts?tags=ddaomphyo&z=5,yes,45
kobeni_hijiko,https://danbooru.donmai.us/posts?tags=kobeni_hijiko&z=5,yes,45
yokige,https://danbooru.donmai.us/posts?tags=yokige&z=5,yes,45
lina_ciari,https://danbooru.donmai.us/posts?tags=lina_ciari&z=5,yes,45
tanoshii_meat,https://danbooru.donmai.us/posts?tags=tanoshii_meat&z=5,yes,44
kimopoleis,https://danbooru.donmai.us/posts?tags=kimopoleis&z=5,yes,44
sabiimo25,https://danbooru.donmai.us/posts?tags=sabiimo25&z=5,yes,44
nay_akane,https://danbooru.donmai.us/posts?tags=nay_akane&z=5,yes,43
camellia_(s_kamellia),https://danbooru.donmai.us/posts?tags=camellia_%28s_kamellia%29&z=5,yes,43
neptune_zx,https://danbooru.donmai.us/posts?tags=neptune_zx&z=5,yes,42
siplick,https://danbooru.donmai.us/posts?tags=siplick&z=5,yes,42
test_norma1,https://danbooru.donmai.us/posts?tags=test_norma1&z=5,yes,42
merchant91,https://danbooru.donmai.us/posts?tags=merchant91&z=5,yes,41
smi_(enraku),https://danbooru.donmai.us/posts?tags=smi_%28enraku%29&z=5,yes,41
azumake_(azumakei),https://danbooru.donmai.us/posts?tags=azumake_%28azumakei%29&z=5,yes,41
rendong06,https://danbooru.donmai.us/posts?tags=rendong06&z=5,yes,41
jandy,https://danbooru.donmai.us/posts?tags=jandy&z=5,yes,41
glycan,https://danbooru.donmai.us/posts?tags=glycan&z=5,yes,41
yiku_(sim7368),https://danbooru.donmai.us/posts?tags=yiku_%28sim7368%29&z=5,yes,40
werlosk,https://danbooru.donmai.us/posts?tags=werlosk&z=5,yes,40
mobugorilla,https://danbooru.donmai.us/posts?tags=mobugorilla&z=5,yes,40
itsuwa_(continue),https://danbooru.donmai.us/posts?tags=itsuwa_%28continue%29&z=5,yes,40
leo_(feeling_goooood),https://danbooru.donmai.us/posts?tags=leo_%28feeling_goooood%29&z=5,yes,40
mutsu_(kitakaze_berry),https://danbooru.donmai.us/posts?tags=mutsu_%28kitakaze_berry%29&z=5,yes,40
mintchoco_(mmn2),https://danbooru.donmai.us/posts?tags=mintchoco_%28mmn2%29&z=5,yes,40
egophiliac,https://danbooru.donmai.us/posts?tags=egophiliac&z=5,yes,40
patenusu,https://danbooru.donmai.us/posts?tags=patenusu&z=5,yes,40
tempuru,https://danbooru.donmai.us/posts?tags=tempuru&z=5,yes,39
eva200499,https://danbooru.donmai.us/posts?tags=eva200499&z=5,yes,39
ra_coon,https://danbooru.donmai.us/posts?tags=ra_coon&z=5,yes,39
misfit_funny,https://danbooru.donmai.us/posts?tags=misfit_funny&z=5,yes,38
amamori_kohan,https://danbooru.donmai.us/posts?tags=amamori_kohan&z=5,yes,38
bigegg,https://danbooru.donmai.us/posts?tags=bigegg&z=5,yes,38
katei_saien_(kate_sai),https://danbooru.donmai.us/posts?tags=katei_saien_%28kate_sai%29&z=5,yes,38
altorav,https://danbooru.donmai.us/posts?tags=altorav&z=5,yes,38
atsumi_7,https://danbooru.donmai.us/posts?tags=atsumi_7&z=5,yes,38
yimamiantang,https://danbooru.donmai.us/posts?tags=yimamiantang&z=5,yes,37
sadcat,https://danbooru.donmai.us/posts?tags=sadcat&z=5,yes,37
artkouchiku,https://danbooru.donmai.us/posts?tags=artkouchiku&z=5,yes,37
l.k_(lk_cyz),https://danbooru.donmai.us/posts?tags=l.k_%28lk_cyz%29&z=5,yes,37
shogu_(shoguchime),https://danbooru.donmai.us/posts?tags=shogu_%28shoguchime%29&z=5,yes,37
momo_alto,https://danbooru.donmai.us/posts?tags=momo_alto&z=5,yes,36
canothy,https://danbooru.donmai.us/posts?tags=canothy&z=5,yes,36
sea-jis,https://danbooru.donmai.us/posts?tags=sea-jis&z=5,yes,36
byo_(kuro_usagi),https://danbooru.donmai.us/posts?tags=byo_%28kuro_usagi%29&z=5,yes,36
kaneoto_(mayukan),https://danbooru.donmai.us/posts?tags=kaneoto_%28mayukan%29&z=5,yes,36
arthuralucard,https://danbooru.donmai.us/posts?tags=arthuralucard&z=5,yes,36
nana73,https://danbooru.donmai.us/posts?tags=nana73&z=5,yes,35
yuib3_(yuibitch),https://danbooru.donmai.us/posts?tags=yuib3_%28yuibitch%29&z=5,yes,35
chajott64,https://danbooru.donmai.us/posts?tags=chajott64&z=5,yes,35
lewdlilies,https://danbooru.donmai.us/posts?tags=lewdlilies&z=5,yes,35
parupome,https://danbooru.donmai.us/posts?tags=parupome&z=5,yes,35
atorasu,https://danbooru.donmai.us/posts?tags=atorasu&z=5,yes,35
o3tofu,https://danbooru.donmai.us/posts?tags=o3tofu&z=5,yes,34
kyoku_hakaimado,https://danbooru.donmai.us/posts?tags=kyoku_hakaimado&z=5,yes,34
yuu_(warm_water),https://danbooru.donmai.us/posts?tags=yuu_%28warm_water%29&z=5,yes,34
nghbr,https://danbooru.donmai.us/posts?tags=nghbr&z=5,yes,34
zhuo_ying,https://danbooru.donmai.us/posts?tags=zhuo_ying&z=5,yes,34
cyenwl,https://danbooru.donmai.us/posts?tags=cyenwl&z=5,yes,34
caiothevici,https://danbooru.donmai.us/posts?tags=caiothevici&z=5,yes,34
aequorine,https://danbooru.donmai.us/posts?tags=aequorine&z=5,yes,33
shiraki_ai,https://danbooru.donmai.us/posts?tags=shiraki_ai&z=5,yes,33
jannong,https://danbooru.donmai.us/posts?tags=jannong&z=5,yes,33
luli,https://danbooru.donmai.us/posts?tags=luli&z=5,yes,33
xuanqing0726,https://danbooru.donmai.us/posts?tags=xuanqing0726&z=5,yes,33
natano_hisanori,https://danbooru.donmai.us/posts?tags=natano_hisanori&z=5,yes,32
toshizaki_shouma,https://danbooru.donmai.us/posts?tags=toshizaki_shouma&z=5,yes,32
hiviki_n'alchemy,https://danbooru.donmai.us/posts?tags=hiviki_n%27alchemy&z=5,yes,32
kageco,https://danbooru.donmai.us/posts?tags=kageco&z=5,yes,32
okiii,https://danbooru.donmai.us/posts?tags=okiii&z=5,yes,32
umeyuki,https://danbooru.donmai.us/posts?tags=umeyuki&z=5,yes,32
itou_mikan,https://danbooru.donmai.us/posts?tags=itou_mikan&z=5,yes,32
zephyrine-gale,https://danbooru.donmai.us/posts?tags=zephyrine-gale&z=5,yes,32
robin7188,https://danbooru.donmai.us/posts?tags=robin7188&z=5,yes,32
yazuwo,https://danbooru.donmai.us/posts?tags=yazuwo&z=5,yes,32
tsuki_(applebeniakari),https://danbooru.donmai.us/posts?tags=tsuki_%28applebeniakari%29&z=5,yes,32
xinghuo,https://danbooru.donmai.us/posts?tags=xinghuo&z=5,yes,32
kisshii_(kic1224),https://danbooru.donmai.us/posts?tags=kisshii_%28kic1224%29&z=5,yes,31
utacha,https://danbooru.donmai.us/posts?tags=utacha&z=5,yes,31
mucuzi,https://danbooru.donmai.us/posts?tags=mucuzi&z=5,yes,31
artsunisiju,https://danbooru.donmai.us/posts?tags=artsunisiju&z=5,yes,31
u_(mypace),https://danbooru.donmai.us/posts?tags=u_%28mypace%29&z=5,yes,31
mua_(sleeping_earth),https://danbooru.donmai.us/posts?tags=mua_%28sleeping_earth%29&z=5,yes,31
dmbjia,https://danbooru.donmai.us/posts?tags=dmbjia&z=5,yes,31
amazingartistyellow,https://danbooru.donmai.us/posts?tags=amazingartistyellow&z=5,yes,31
wss_(32656138),https://danbooru.donmai.us/posts?tags=wss_%2832656138%29&z=5,yes,31
dorara9002,https://danbooru.donmai.us/posts?tags=dorara9002&z=5,yes,31
sumiobunnya,https://danbooru.donmai.us/posts?tags=sumiobunnya&z=5,yes,30
yukina_megumi,https://danbooru.donmai.us/posts?tags=yukina_megumi&z=5,yes,30
tosil_080,https://danbooru.donmai.us/posts?tags=tosil_080&z=5,yes,30
racco_(sakuraco),https://danbooru.donmai.us/posts?tags=racco_%28sakuraco%29&z=5,yes,30
softkittywarmkitty,https://danbooru.donmai.us/posts?tags=softkittywarmkitty&z=5,yes,30
shuangsen,https://danbooru.donmai.us/posts?tags=shuangsen&z=5,yes,30
asa_(asakisafe1),https://danbooru.donmai.us/posts?tags=asa_%28asakisafe1%29&z=5,yes,30
doryata,https://danbooru.donmai.us/posts?tags=doryata&z=5,yes,30
saegome,https://danbooru.donmai.us/posts?tags=saegome&z=5,yes,30
tirnanogin_industries,https://danbooru.donmai.us/posts?tags=tirnanogin_industries&z=5,yes,29
melang_b,https://danbooru.donmai.us/posts?tags=melang_b&z=5,yes,29
sweetsoupman,https://danbooru.donmai.us/posts?tags=sweetsoupman&z=5,yes,29
bao_(840bao),https://danbooru.donmai.us/posts?tags=bao_%28840bao%29&z=5,yes,29
matoba,https://danbooru.donmai.us/posts?tags=matoba&z=5,yes,29
w.r.b,https://danbooru.donmai.us/posts?tags=w.r.b&z=5,yes,29
ogyupoke,https://danbooru.donmai.us/posts?tags=ogyupoke&z=5,yes,28
gensei_ruri,https://danbooru.donmai.us/posts?tags=gensei_ruri&z=5,yes,28
noitama,https://danbooru.donmai.us/posts?tags=noitama&z=5,yes,28
megumi_cv,https://danbooru.donmai.us/posts?tags=megumi_cv&z=5,yes,28
haruuukuma,https://danbooru.donmai.us/posts?tags=haruuukuma&z=5,yes,28
jiecaoxiong,https://danbooru.donmai.us/posts?tags=jiecaoxiong&z=5,yes,28
tomogy,https://danbooru.donmai.us/posts?tags=tomogy&z=5,yes,28
hatenokatasumi,https://danbooru.donmai.us/posts?tags=hatenokatasumi&z=5,yes,27
enu_(spinal),https://danbooru.donmai.us/posts?tags=enu_%28spinal%29&z=5,yes,27
debbie_(user_uapu3455),https://danbooru.donmai.us/posts?tags=debbie_%28user_uapu3455%29&z=5,yes,27
sg2907369,https://danbooru.donmai.us/posts?tags=sg2907369&z=5,yes,27
riinougat,https://danbooru.donmai.us/posts?tags=riinougat&z=5,yes,27
uraken,https://danbooru.donmai.us/posts?tags=uraken&z=5,yes,27
durbin,https://danbooru.donmai.us/posts?tags=durbin&z=5,yes,27
shiromantou,https://danbooru.donmai.us/posts?tags=shiromantou&z=5,yes,27
kitsuneko_azarashi,https://danbooru.donmai.us/posts?tags=kitsuneko_azarashi&z=5,yes,27
eggisalive,https://danbooru.donmai.us/posts?tags=eggisalive&z=5,yes,26
yurang,https://danbooru.donmai.us/posts?tags=yurang&z=5,yes,26
d_i_l_f_hunter,https://danbooru.donmai.us/posts?tags=d_i_l_f_hunter&z=5,yes,26
llicornia,https://danbooru.donmai.us/posts?tags=llicornia&z=5,yes,26
gou_(gzgnight),https://danbooru.donmai.us/posts?tags=gou_%28gzgnight%29&z=5,yes,26
kai_e,https://danbooru.donmai.us/posts?tags=kai_e&z=5,yes,26
otabe_(g0hanpanmen),https://danbooru.donmai.us/posts?tags=otabe_%28g0hanpanmen%29&z=5,yes,26
graykn,https://danbooru.donmai.us/posts?tags=graykn&z=5,yes,26
hiba_(jun),https://danbooru.donmai.us/posts?tags=hiba_%28jun%29&z=5,yes,26
lbf5n,https://danbooru.donmai.us/posts?tags=lbf5n&z=5,yes,26
nanafushi_sodatsu,https://danbooru.donmai.us/posts?tags=nanafushi_sodatsu&z=5,yes,26
kodx4,https://danbooru.donmai.us/posts?tags=kodx4&z=5,yes,26
api_peko,https://danbooru.donmai.us/posts?tags=api_peko&z=5,yes,25
ke_zhongxiao_niao,https://danbooru.donmai.us/posts?tags=ke_zhongxiao_niao&z=5,yes,25
roz_(nnowovv),https://danbooru.donmai.us/posts?tags=roz_%28nnowovv%29&z=5,yes,25
larasuke,https://danbooru.donmai.us/posts?tags=larasuke&z=5,yes,25
cyuer11,https://danbooru.donmai.us/posts?tags=cyuer11&z=5,yes,25
soregashi_(nobuyoshi-numa2),https://danbooru.donmai.us/posts?tags=soregashi_%28nobuyoshi-numa2%29&z=5,yes,25
chabei,https://danbooru.donmai.us/posts?tags=chabei&z=5,yes,25
lili_(lili_mioriririi),https://danbooru.donmai.us/posts?tags=lili_%28lili_mioriririi%29&z=5,yes,25
xfssssssss,https://danbooru.donmai.us/posts?tags=xfssssssss&z=5,yes,25
sylpi,https://danbooru.donmai.us/posts?tags=sylpi&z=5,yes,25
poptrt,https://danbooru.donmai.us/posts?tags=poptrt&z=5,yes,25
xing_dao,https://danbooru.donmai.us/posts?tags=xing_dao&z=5,yes,25
kouri_(ibubobubo),https://danbooru.donmai.us/posts?tags=kouri_%28ibubobubo%29&z=5,yes,25
aylar,https://danbooru.donmai.us/posts?tags=aylar&z=5,yes,24
tamazusa,https://danbooru.donmai.us/posts?tags=tamazusa&z=5,yes,24
mikamata,https://danbooru.donmai.us/posts?tags=mikamata&z=5,yes,24
sokoo,https://danbooru.donmai.us/posts?tags=sokoo&z=5,yes,24
nemunoya,https://danbooru.donmai.us/posts?tags=nemunoya&z=5,yes,24
megu_kaze,https://danbooru.donmai.us/posts?tags=megu_kaze&z=5,yes,23
gui_ss,https://danbooru.donmai.us/posts?tags=gui_ss&z=5,yes,23
reyuchan0,https://danbooru.donmai.us/posts?tags=reyuchan0&z=5,yes,23
saba_(asoi),https://danbooru.donmai.us/posts?tags=saba_%28asoi%29&z=5,yes,23
inabashi_yukoma,https://danbooru.donmai.us/posts?tags=inabashi_yukoma&z=5,yes,23
bikusen,https://danbooru.donmai.us/posts?tags=bikusen&z=5,yes,23
feichengtaifeitang,https://danbooru.donmai.us/posts?tags=feichengtaifeitang&z=5,yes,23
torino_rito,https://danbooru.donmai.us/posts?tags=torino_rito&z=5,yes,23
bayue_tian,https://danbooru.donmai.us/posts?tags=bayue_tian&z=5,yes,23
iktk,https://danbooru.donmai.us/posts?tags=iktk&z=5,yes,23
ameno_kiko,https://danbooru.donmai.us/posts?tags=ameno_kiko&z=5,yes,23
enothela,https://danbooru.donmai.us/posts?tags=enothela&z=5,yes,23
baomianzi,https://danbooru.donmai.us/posts?tags=baomianzi&z=5,yes,22
rylusus,https://danbooru.donmai.us/posts?tags=rylusus&z=5,yes,22
yimillily,https://danbooru.donmai.us/posts?tags=yimillily&z=5,yes,22
ziyo_ling,https://danbooru.donmai.us/posts?tags=ziyo_ling&z=5,yes,22
zu-m_(zumcunix),https://danbooru.donmai.us/posts?tags=zu-m_%28zumcunix%29&z=5,yes,22
wu_ji_miao,https://danbooru.donmai.us/posts?tags=wu_ji_miao&z=5,yes,22
poyosoftware,https://danbooru.donmai.us/posts?tags=poyosoftware&z=5,yes,22
ussan_(uzi),https://danbooru.donmai.us/posts?tags=ussan_%28uzi%29&z=5,yes,22
shimako_(smk023),https://danbooru.donmai.us/posts?tags=shimako_%28smk023%29&z=5,yes,22
hato_ni_olive_teppou,https://danbooru.donmai.us/posts?tags=hato_ni_olive_teppou&z=5,yes,22
butano_(star-dust_boxxx),https://danbooru.donmai.us/posts?tags=butano_%28star-dust_boxxx%29&z=5,yes,22
kinkaikii,https://danbooru.donmai.us/posts?tags=kinkaikii&z=5,yes,21
lan_zhu_gu,https://danbooru.donmai.us/posts?tags=lan_zhu_gu&z=5,yes,21
hanefuki_itachi,https://danbooru.donmai.us/posts?tags=hanefuki_itachi&z=5,yes,21
mitsu_(imoimou),https://danbooru.donmai.us/posts?tags=mitsu_%28imoimou%29&z=5,yes,21
moonllita,https://danbooru.donmai.us/posts?tags=moonllita&z=5,yes,21
postal_mark_(tsu_qq),https://danbooru.donmai.us/posts?tags=postal_mark_%28tsu_qq%29&z=5,yes,21
reddverse,https://danbooru.donmai.us/posts?tags=reddverse&z=5,yes,21
meiryo_(horizon),https://danbooru.donmai.us/posts?tags=meiryo_%28horizon%29&z=5,yes,21
fangge_xx,https://danbooru.donmai.us/posts?tags=fangge_xx&z=5,yes,21
mcmugget,https://danbooru.donmai.us/posts?tags=mcmugget&z=5,yes,21
maru_(pjnh8882),https://danbooru.donmai.us/posts?tags=maru_%28pjnh8882%29&z=5,yes,21
003_ssq,https://danbooru.donmai.us/posts?tags=003_ssq&z=5,yes,20
kuchuanleikan,https://danbooru.donmai.us/posts?tags=kuchuanleikan&z=5,yes,20
zestypochita,https://danbooru.donmai.us/posts?tags=zestypochita&z=5,yes,20
natsuyiro_x,https://danbooru.donmai.us/posts?tags=natsuyiro_x&z=5,yes,20
dungbae,https://danbooru.donmai.us/posts?tags=dungbae&z=5,yes,20
aihara_(aiharaorenji),https://danbooru.donmai.us/posts?tags=aihara_%28aiharaorenji%29&z=5,yes,20
49_(ren147),https://danbooru.donmai.us/posts?tags=49_%28ren147%29&z=5,yes,20
hekigo,https://danbooru.donmai.us/posts?tags=hekigo&z=5,yes,20
kiroly,https://danbooru.donmai.us/posts?tags=kiroly&z=5,yes,20
tsukimiya_akira,https://danbooru.donmai.us/posts?tags=tsukimiya_akira&z=5,yes,20
